<?xml version="1.0" encoding="UTF-8" ?>
<XMLDB PATH="mod/turnitintool/db" VERSION="20070401" COMMENT="XMLDB file for Moodle mod/turnitin"
    xmlns:xsi="http://www.w3.org/2001/XMLSchema-instance"
    xsi:noNamespaceSchemaLocation="../../../lib/xmldb/xmldb.xsd"
>
  <TABLES>
    <TABLE NAME="turnitintool" COMMENT="Turnitin Tools for Moodle" NEXT="turnitintool_parts">
      <FIELDS>
        <FIELD NAME="id" TYPE="int" LENGTH="10" NOTNULL="true" UNSIGNED="true" SEQUENCE="true" ENUM="false" NEXT="course"/>
        <FIELD NAME="course" TYPE="int" LENGTH="10" NOTNULL="true" UNSIGNED="true" DEFAULT="0" SEQUENCE="false" ENUM="false" COMMENT="Course Turnitin Tools Activity Module belongs to" PREVIOUS="id" NEXT="type"/>
		<FIELD NAME="type" TYPE="int" LENGTH="10" NOTNULL="true" UNSIGNED="true" DEFAULT="0" SEQUENCE="false" ENUM="false" COMMENT="Defines the Type of this instance" PREVIOUS="course" NEXT="name"/>
        <FIELD NAME="name" TYPE="char" LENGTH="255" NOTNULL="true" SEQUENCE="false" ENUM="false" COMMENT="Name for Turnitin Tools Instance" PREVIOUS="type" NEXT="grade"/>
		<FIELD NAME="grade" TYPE="int" LENGTH="10" NOTNULL="true" UNSIGNED="true" DEFAULT="0" SEQUENCE="false" ENUM="false" PREVIOUS="name" NEXT="numparts"/>
		<FIELD NAME="numparts" TYPE="int" LENGTH="10" NOTNULL="true" UNSIGNED="true" DEFAULT="0" SEQUENCE="false" ENUM="false" PREVIOUS="grade" NEXT="defaultdtstart"/>
		<FIELD NAME="defaultdtstart" TYPE="int" LENGTH="10" NOTNULL="true" UNSIGNED="true" DEFAULT="0" SEQUENCE="false" ENUM="false" PREVIOUS="numparts" NEXT="defaultdtdue"/>
		<FIELD NAME="defaultdtdue" TYPE="int" LENGTH="10" NOTNULL="true" UNSIGNED="true" DEFAULT="0" SEQUENCE="false" ENUM="false" PREVIOUS="defaultdtstart" NEXT="defaultdtpost"/>
		<FIELD NAME="defaultdtpost" TYPE="int" LENGTH="10" NOTNULL="true" UNSIGNED="true" DEFAULT="0" SEQUENCE="false" ENUM="false" PREVIOUS="defaultdtdue" NEXT="anon"/>
		<FIELD NAME="anon" TYPE="int" LENGTH="1" NOTNULL="false" UNSIGNED="true" DEFAULT="0" SEQUENCE="false" ENUM="false" PREVIOUS="defaultdtpost" NEXT="portfolio"/>
		<FIELD NAME="portfolio" TYPE="int" LENGTH="1" NOTNULL="false" UNSIGNED="true" DEFAULT="0" SEQUENCE="false" ENUM="false" PREVIOUS="anon" NEXT="allowlate"/>
		<FIELD NAME="allowlate" TYPE="int" LENGTH="1" NOTNULL="true" UNSIGNED="true" DEFAULT="0" SEQUENCE="false" ENUM="false" PREVIOUS="portfolio" NEXT="reportgenspeed"/>
		<FIELD NAME="reportgenspeed" TYPE="int" LENGTH="1" NOTNULL="true" UNSIGNED="true" DEFAULT="0" SEQUENCE="false" ENUM="false" PREVIOUS="allowlate" NEXT="submitpapersto"/>
		<FIELD NAME="submitpapersto" TYPE="int" LENGTH="1" NOTNULL="true" UNSIGNED="true" DEFAULT="0" SEQUENCE="false" ENUM="false" PREVIOUS="reportgenspeed" NEXT="spapercheck"/>
		<FIELD NAME="spapercheck" TYPE="int" LENGTH="1" NOTNULL="true" UNSIGNED="true" DEFAULT="0" SEQUENCE="false" ENUM="false" PREVIOUS="submitpapersto" NEXT="internetcheck"/>
		<FIELD NAME="internetcheck" TYPE="int" LENGTH="1" NOTNULL="true" UNSIGNED="true" DEFAULT="0" SEQUENCE="false" ENUM="false" PREVIOUS="spapercheck" NEXT="journalcheck"/>
		<FIELD NAME="journalcheck" TYPE="int" LENGTH="1" NOTNULL="true" UNSIGNED="true" DEFAULT="0" SEQUENCE="false" ENUM="false" PREVIOUS="internetcheck" NEXT="maxfilesize"/>
		<FIELD NAME="maxfilesize" TYPE="int" LENGTH="10" NOTNULL="false" UNSIGNED="true" DEFAULT="0" SEQUENCE="false" ENUM="false" PREVIOUS="journalcheck" NEXT="intro"/>
        <FIELD NAME="intro" TYPE="text" LENGTH="medium" NOTNULL="false" SEQUENCE="false" ENUM="false" COMMENT="General introduction of the Turnitin Tools activity" PREVIOUS="maxfilesize" NEXT="introformat"/>
		<FIELD NAME="introformat" TYPE="int" LENGTH="4" NOTNULL="true" UNSIGNED="true" DEFAULT="0" SEQUENCE="false" ENUM="false" PREVIOUS="intro" NEXT="timecreated"/>
        <FIELD NAME="timecreated" TYPE="int" LENGTH="10" NOTNULL="true" UNSIGNED="true" DEFAULT="0" SEQUENCE="false" ENUM="false" PREVIOUS="introformat" NEXT="timemodified"/>
        <FIELD NAME="timemodified" TYPE="int" LENGTH="10" NOTNULL="true" UNSIGNED="true" DEFAULT="0" SEQUENCE="false" ENUM="false" PREVIOUS="timecreated" NEXT="studentreports"/>
		<FIELD NAME="studentreports" TYPE="int" LENGTH="10" NOTNULL="true" UNSIGNED="true" DEFAULT="0" SEQUENCE="false" ENUM="false" PREVIOUS="timemodified" NEXT="dateformat"/>
		<FIELD NAME="dateformat" TYPE="text" LENGTH="small" NOTNULL="true" UNSIGNED="true" SEQUENCE="false" ENUM="false" PREVIOUS="studentreports" NEXT="usegrademark"/>
		<FIELD NAME="usegrademark" TYPE="int" LENGTH="10" NOTNULL="true" UNSIGNED="true" SEQUENCE="false" ENUM="false" PREVIOUS="dateformat" NEXT="gradedisplay"/>
		<FIELD NAME="gradedisplay" TYPE="int" LENGTH="10" NOTNULL="true" UNSIGNED="true" SEQUENCE="false" ENUM="false" PREVIOUS="usegrademark" NEXT="autoupdates"/>
		<FIELD NAME="autoupdates" TYPE="int" LENGTH="10" NOTNULL="true" UNSIGNED="true" SEQUENCE="false" ENUM="false" PREVIOUS="gradedisplay" NEXT="commentedittime"/>
		<FIELD NAME="commentedittime" TYPE="int" LENGTH="10" NOTNULL="true" UNSIGNED="true" SEQUENCE="false" ENUM="false" PREVIOUS="autoupdates" NEXT="commentmaxsize"/>
		<FIELD NAME="commentmaxsize" TYPE="int" LENGTH="10" NOTNULL="true" UNSIGNED="true" SEQUENCE="false" ENUM="false" PREVIOUS="commentedittime" NEXT="autosubmission"/>
		<FIELD NAME="autosubmission" TYPE="int" LENGTH="10" NOTNULL="true" UNSIGNED="true" SEQUENCE="false" ENUM="false" PREVIOUS="commentmaxsize" NEXT="shownonsubmission"/>
		<FIELD NAME="shownonsubmission" TYPE="int" LENGTH="10" NOTNULL="true" UNSIGNED="true" SEQUENCE="false" ENUM="false" PREVIOUS="autosubmission"/>
      </FIELDS>
      <KEYS>
        <KEY NAME="primary" TYPE="primary" FIELDS="id" />
      </KEYS>
      <INDEXES>
        <INDEX NAME="course" UNIQUE="false" FIELDS="course"/>
      </INDEXES>
    </TABLE>
	<TABLE NAME="turnitintool_parts" COMMENT="Turnitin Tools Submission Parts" NEXT="turnitintool_users" PREVIOUS="turnitintool">
		<FIELDS>
        	<FIELD NAME="id" TYPE="int" LENGTH="10" NOTNULL="true" UNSIGNED="true" SEQUENCE="true" ENUM="false" NEXT="turnitintoolid"/>
			<FIELD NAME="turnitintoolid" TYPE="int" LENGTH="10" NOTNULL="true" UNSIGNED="true" SEQUENCE="false" ENUM="false" PREVIOUS="id" NEXT="partname"/>
			<FIELD NAME="partname" TYPE="text" LENGTH="medium" NOTNULL="true" UNSIGNED="true" SEQUENCE="false" ENUM="false" PREVIOUS="turnitintoolid" NEXT="tiiassignid"/>
			<FIELD NAME="tiiassignid" TYPE="int" LENGTH="10" NOTNULL="true" UNSIGNED="true" SEQUENCE="false" ENUM="false" PREVIOUS="partname" NEXT="dtstart"/>
			<FIELD NAME="dtstart" TYPE="int" LENGTH="10" NOTNULL="true" UNSIGNED="true" SEQUENCE="false" ENUM="false" PREVIOUS="tiiassignid" NEXT="dtdue"/>
			<FIELD NAME="dtdue" TYPE="int" LENGTH="10" NOTNULL="true" UNSIGNED="true" SEQUENCE="false" ENUM="false" PREVIOUS="dtstart" NEXT="dtpost"/>
			<FIELD NAME="dtpost" TYPE="int" LENGTH="10" NOTNULL="true" UNSIGNED="true" SEQUENCE="false" ENUM="false" PREVIOUS="dtdue" NEXT="maxmarks"/>
			<FIELD NAME="maxmarks" TYPE="int" LENGTH="10" NOTNULL="true" UNSIGNED="true" SEQUENCE="false" ENUM="false" PREVIOUS="dtpost" NEXT="deleted"/>
			<FIELD NAME="deleted" TYPE="int" LENGTH="10" NOTNULL="true" UNSIGNED="true" SEQUENCE="false" ENUM="false" PREVIOUS="maxmarks"/>
		</FIELDS>
		<KEYS>
        	<KEY NAME="primary" TYPE="primary" FIELDS="id" />
      	</KEYS>
	</TABLE>
	<TABLE NAME="turnitintool_users" COMMENT="Turnitin Tools Users" NEXT="turnitintool_courses" PREVIOUS="turnitintool_parts">
		<FIELDS>
        	<FIELD NAME="id" TYPE="int" LENGTH="10" NOTNULL="true" UNSIGNED="true" SEQUENCE="true" ENUM="false" NEXT="userid"/>
			<FIELD NAME="userid" TYPE="int" LENGTH="10" NOTNULL="true" UNSIGNED="true" SEQUENCE="false" ENUM="false" PREVIOUS="id" NEXT="turnitin_uid"/>
			<FIELD NAME="turnitin_uid" TYPE="int" LENGTH="10" NOTNULL="true" UNSIGNED="true" SEQUENCE="false" ENUM="false" PREVIOUS="userid"/>
		</FIELDS>
		<KEYS>
        	<KEY NAME="primary" TYPE="primary" FIELDS="id" />
      	</KEYS>
	</TABLE>
	<TABLE NAME="turnitintool_courses" COMMENT="Turnitin Tools Courses" NEXT="turnitintool_submissions" PREVIOUS="turnitintool_users">
		<FIELDS>
        	<FIELD NAME="id" TYPE="int" LENGTH="10" NOTNULL="true" UNSIGNED="true" SEQUENCE="true" ENUM="false" NEXT="courseid"/>
			<FIELD NAME="courseid" TYPE="int" LENGTH="10" NOTNULL="true" UNSIGNED="true" SEQUENCE="false" ENUM="false" PREVIOUS="id" NEXT="ownerid"/>
			<FIELD NAME="ownerid" TYPE="int" LENGTH="10" NOTNULL="true" UNSIGNED="true" SEQUENCE="false" ENUM="false" PREVIOUS="courseid" NEXT="turnitin_ctl"/>
			<FIELD NAME="turnitin_ctl" TYPE="text" LENGTH="medium" NOTNULL="true" UNSIGNED="true" SEQUENCE="false" ENUM="false" PREVIOUS="ownerid" NEXT="turnitin_cid"/>
			<FIELD NAME="turnitin_cid" TYPE="int" LENGTH="10" NOTNULL="true" UNSIGNED="true" SEQUENCE="false" ENUM="false" PREVIOUS="turnitin_ctl"/>
		</FIELDS>
		<KEYS>
        	<KEY NAME="primary" TYPE="primary" FIELDS="id" />
      	</KEYS>
	</TABLE>
	<TABLE NAME="turnitintool_submissions" COMMENT="Turnitin Tools Submissions" PREVIOUS="turnitintool_courses" NEXT="turnitintool_comments">
		<FIELDS>
        	<FIELD NAME="id" TYPE="int" LENGTH="10" NOTNULL="true" UNSIGNED="true" SEQUENCE="true" ENUM="false" NEXT="userid"/>
			<FIELD NAME="userid" TYPE="int" LENGTH="10" NOTNULL="true" UNSIGNED="true" SEQUENCE="false" ENUM="false" PREVIOUS="id" NEXT="turnitintoolid"/>
			<FIELD NAME="turnitintoolid" TYPE="int" LENGTH="10" NOTNULL="true" UNSIGNED="true" SEQUENCE="false" ENUM="false" PREVIOUS="userid" NEXT="submission_part"/>
			<FIELD NAME="submission_part" TYPE="int" LENGTH="10" NOTNULL="false" UNSIGNED="true" SEQUENCE="false" ENUM="false" PREVIOUS="turnitintoolid" NEXT="submission_title"/>
			<FIELD NAME="submission_title" TYPE="text" LENGTH="medium" NOTNULL="true" SEQUENCE="false" COMMENT="Title of Submission" ENUM="false" PREVIOUS="submission_part" NEXT="submission_type"/>
			<FIELD NAME="submission_type" TYPE="int" LENGTH="4" NOTNULL="true" UNSIGNED="true" DEFAULT="0" SEQUENCE="false" ENUM="false" PREVIOUS="submission_title" NEXT="submission_filename"/>
			<FIELD NAME="submission_filename" TYPE="text" LENGTH="medium" NOTNULL="false" SEQUENCE="false" COMMENT="Name of Submitted File" ENUM="false" PREVIOUS="submission_type" NEXT="submission_objectid"/>
			<FIELD NAME="submission_objectid" TYPE="text" LENGTH="medium" NOTNULL="false" SEQUENCE="false" COMMENT="Turnitin Submission Object ID" ENUM="false" PREVIOUS="submission_filename" NEXT="submission_score"/>
			<FIELD NAME="submission_score" TYPE="text" LENGTH="medium" NOTNULL="false" SEQUENCE="false" COMMENT="Turnitin Submission Score" ENUM="false" PREVIOUS="submission_objectid" NEXT="submission_grade"/>
			<FIELD NAME="submission_grade" TYPE="text" LENGTH="medium" NOTNULL="false" SEQUENCE="false" COMMENT="Turnitin Submission Grade" ENUM="false" PREVIOUS="submission_score" NEXT="submission_gmimaged"/>
			<FIELD NAME="submission_gmimaged" TYPE="int" LENGTH="10" NOTNULL="false" UNSIGNED="true" DEFAULT="0" SEQUENCE="false" ENUM="false" PREVIOUS="submission_grade" NEXT="submission_status"/>
			<FIELD NAME="submission_status" TYPE="text" LENGTH="medium" NOTNULL="false" SEQUENCE="false" COMMENT="Turnitin Submission Status" ENUM="false" PREVIOUS="submission_gmimaged" NEXT="submission_queued"/>
			<FIELD NAME="submission_queued" TYPE="int" LENGTH="10" NOTNULL="false" UNSIGNED="true" DEFAULT="0" SEQUENCE="false" ENUM="false" PREVIOUS="submission_status" NEXT="submission_attempts"/>
			<FIELD NAME="submission_attempts" TYPE="int" LENGTH="10" NOTNULL="true" UNSIGNED="true" DEFAULT="0" SEQUENCE="false" ENUM="false" PREVIOUS="submission_queued" NEXT="submission_modified"/>
			<FIELD NAME="submission_modified" TYPE="int" LENGTH="10" NOTNULL="true" UNSIGNED="true" DEFAULT="0" SEQUENCE="false" ENUM="false" PREVIOUS="submission_attempts" NEXT="submission_parent"/>
			<FIELD NAME="submission_parent" TYPE="int" LENGTH="10" NOTNULL="false" UNSIGNED="true" DEFAULT="0" SEQUENCE="false" ENUM="false" PREVIOUS="submission_modified" NEXT="submission_nmuserid"/>
			<FIELD NAME="submission_nmuserid" TYPE="text" LENGTH="medium" NOTNULL="false" UNSIGNED="true" SEQUENCE="false" ENUM="false" PREVIOUS="submission_parent" NEXT="submission_nmfirstname"/>
			<FIELD NAME="submission_nmfirstname" TYPE="text" LENGTH="medium" NOTNULL="false" UNSIGNED="true" SEQUENCE="false" ENUM="false" PREVIOUS="submission_nmuserid" NEXT="submission_nmlastname"/>
			<FIELD NAME="submission_nmlastname" TYPE="text" LENGTH="medium" NOTNULL="false" UNSIGNED="true" SEQUENCE="false" ENUM="false" PREVIOUS="submission_nmfirstname" NEXT="submission_unanon"/>
			<FIELD NAME="submission_unanon" TYPE="int" LENGTH="1" NOTNULL="true" UNSIGNED="true" DEFAULT="0" SEQUENCE="false" ENUM="false" PREVIOUS="submission_nmlastname" NEXT="submission_unanonreason"/>
			<FIELD NAME="submission_unanonreason" TYPE="text" LENGTH="medium" NOTNULL="false" UNSIGNED="true" SEQUENCE="false" ENUM="false" PREVIOUS="submission_unanon"/>
		</FIELDS>
		<KEYS>
        	<KEY NAME="primary" TYPE="primary" FIELDS="id" />
      	</KEYS>
	</TABLE>
	<TABLE NAME="turnitintool_comments" COMMENT="Turnitin Tools Submission Comments" PREVIOUS="turnitintool_submissions">
		<FIELDS>
        	<FIELD NAME="id" TYPE="int" LENGTH="10" NOTNULL="true" UNSIGNED="true" SEQUENCE="true" ENUM="false" NEXT="submissionid"/>
			<FIELD NAME="submissionid" TYPE="int" LENGTH="10" NOTNULL="true" UNSIGNED="true" SEQUENCE="false" ENUM="false" PREVIOUS="id" NEXT="userid"/>
			<FIELD NAME="userid" TYPE="int" LENGTH="10" NOTNULL="true" UNSIGNED="true" SEQUENCE="false" ENUM="false" PREVIOUS="submissionid" NEXT="comment"/>
			<FIELD NAME="comment" TYPE="text" LENGTH="medium" NOTNULL="true" UNSIGNED="true" SEQUENCE="false" ENUM="false" PREVIOUS="userid" NEXT="date"/>
			<FIELD NAME="date" TYPE="int" LENGTH="10" NOTNULL="true" UNSIGNED="true" SEQUENCE="false" ENUM="false" PREVIOUS="comment" NEXT="deleted"/>
			<FIELD NAME="deleted" TYPE="int" LENGTH="10" NOTNULL="true" UNSIGNED="true" SEQUENCE="false" ENUM="false" PREVIOUS="date"/>
		</FIELDS>
		<KEYS>
        	<KEY NAME="primary" TYPE="primary" FIELDS="id" />
      	</KEYS>
	</TABLE>
  </TABLES>
  <STATEMENTS>
    <STATEMENT NAME="insert log_display" TYPE="insert" TABLE="log_display" COMMENT="Initial insert of records on table log_display. Each record describes how data will be showed by log reports.">
      <SENTENCES>
        <SENTENCE TEXT="(module, action, mtable, field) VALUES ('turnitintool', 'add', 'turnitintool', 'name')" />
        <SENTENCE TEXT="(module, action, mtable, field) VALUES ('turnitintool', 'update', 'turnitintool', 'name')" />0
        <SENTENCE TEXT="(module, action, mtable, field) VALUES ('turnitintool', 'view', 'turnitintool', 'name')" />
      </SENTENCES>
    </STATEMENT>
  </STATEMENTS>
</XMLDB>
